activation,optimizer,learning_rate,architecture,batch_size,training_time,val_metrics,test_metrics,train_loss_history,val_loss_history
relu,mini_batch,0.01,"[5000, 128, 90]",32,11.979126453399658,"{'Hamming Loss': array(0.00495495), 'Accuracy': array(0.69240669), 'Precision': array(0.94460641), 'Recall': array(0.67746994), 'F1 Score': array(0.7890411)}","{'Hamming Loss': array(0.00529609), 'Accuracy': array(0.71149387), 'Precision': array(0.8738242), 'Recall': array(0.71955128), 'F1 Score': array(0.78921928)}","[0.05919760176392172, 0.042470064761438116, 0.03978482145859575, 0.03621238478619784, 0.03355595750678342, 0.031040244430273898, 0.02951543026539212, 0.02758689229984497, 0.02646279978619569, 0.024857631543847538, 0.023786210140505634, 0.022785278255730904, 0.02206026376832363, 0.021107584161229754, 0.020494942981709986, 0.0196531194989926, 0.018895039188689854, 0.018261465599641584, 0.017712662763153184, 0.01703890879911848]","[0.04344039968219102, 0.040934545512839496, 0.03726167230976036, 0.034164017494177634, 0.032160529884596584, 0.029839838219649542, 0.028175671346782585, 0.02708629387604499, 0.026827962743456984, 0.02499312874992238, 0.0237348336283504, 0.022640045147950073, 0.022030911676142552, 0.02147085793301378, 0.02108756727443578, 0.01990100326401726, 0.01943881366663002, 0.018976665798923206, 0.01836460400580459, 0.017874299293375896]"
relu,mini_batch,0.01,"[5000, 128, 90]",32,11.267723321914673,"{'Hamming Loss': array(0.0042757), 'Accuracy': array(0.74646075), 'Precision': array(0.93456709), 'Recall': array(0.73915316), 'F1 Score': array(0.82545242)}","{'Hamming Loss': array(0.00491701), 'Accuracy': array(0.73898642), 'Precision': array(0.84657455), 'Recall': array(0.7855235), 'F1 Score': array(0.81490718)}","[0.05959561363582948, 0.042441918137636835, 0.03965907941158734, 0.03667548186271636, 0.033178304910998414, 0.030936735384070876, 0.028854092856500174, 0.027237691745991405, 0.02590525667717834, 0.024765962674554515, 0.023558202202947465, 0.02268271045900972, 0.02176922263948113, 0.020732881338738147, 0.020038686859260874, 0.019259404795319676, 0.018615882402657165, 0.017905129142229474, 0.01731498871373056, 0.016659069582033222, 0.01614683771770145, 0.015690444164134964, 0.015179884558798873, 0.01484026274385118, 0.014318810353531055, 0.014059829608287087, 0.013614878863955873, 0.013216496691704938, 0.012868876936326863, 0.012585524873396425]","[0.04362672337035514, 0.04055689362566482, 0.03817899508786217, 0.03488241118168721, 0.03172958589519372, 0.029619668924360493, 0.027736675054135865, 0.02650505217418157, 0.02546377592776151, 0.0242014009990464, 0.023385123384936937, 0.022364041032433547, 0.02180194265886178, 0.02147110728819797, 0.020418866591597886, 0.019689485193432468, 0.01883984377825146, 0.019245107806624612, 0.01856949666751533, 0.01786481499456849, 0.017870523392853766, 0.017163199716319435, 0.01652901476932578, 0.016239325975550875, 0.016254443207544118, 0.015596767544604432, 0.015536703755706325, 0.015305762816335562, 0.014896211201349353, 0.014805699309945568]"
relu,mini_batch,0.01,"[5000, 128, 64, 90]",32,8.67526388168335,"{'Hamming Loss': array(0.00444015), 'Accuracy': array(0.74646075), 'Precision': array(0.92724868), 'Recall': array(0.73288029), 'F1 Score': array(0.81868613)}","{'Hamming Loss': array(0.00497589), 'Accuracy': array(0.74561113), 'Precision': array(0.88780804), 'Recall': array(0.73130342), 'F1 Score': array(0.8019918)}","[0.06167518177136084, 0.04254531492866603, 0.04005790695905819, 0.03688993685560913, 0.033937030469283785, 0.031098384140935752, 0.02825601498245471, 0.02539901107866565, 0.024629585411855746, 0.021618695090915047, 0.020619476531382446, 0.020057418963753182, 0.018828389253260903, 0.018372759742796962, 0.01763964543933344, 0.01633086875977473, 0.015556383521053284, 0.014055360060864643, 0.013587496919077114, 0.013639456276616627]","[0.0427740735702145, 0.03909786515394834, 0.03583010253019705, 0.03482376159711448, 0.02870126291597988, 0.04954551222272821, 0.025140332211277195, 0.02231489621165472, 0.02131273790084525, 0.02239969535769243, 0.01950889790045913, 0.01949254487254353, 0.016692447959426527, 0.018702847762654327, 0.016108184450702143, 0.018268741554643968, 0.01511922655320321, 0.014984999849691967, 0.015096877846850824, 0.01469083735022565]"
relu,mini_batch,0.01,"[5000, 128, 64, 90]",32,13.09793472290039,"{'Hamming Loss': array(0.00371085), 'Accuracy': array(0.7960103), 'Precision': array(0.93508115), 'Recall': array(0.78306325), 'F1 Score': array(0.85234708)}","{'Hamming Loss': array(0.00419565), 'Accuracy': array(0.77972839), 'Precision': array(0.8940678), 'Recall': array(0.78899573), 'F1 Score': array(0.83825199)}","[0.06185418756483546, 0.04282919030656567, 0.040729394763913004, 0.03859777077047028, 0.0351912301676912, 0.033271096031928196, 0.029378572861488372, 0.027517747141666563, 0.02451024628148245, 0.02428631663700087, 0.022087026169199064, 0.020651967888743364, 0.018891204603960488, 0.018156274163481107, 0.016384016448589372, 0.016067555265632805, 0.015443743747269107, 0.014904336966283386, 0.013786193630696658, 0.013785455529133546, 0.012209910622571686, 0.012303524298869422, 0.011700399822109889, 0.010875023783433989, 0.010904277271219546, 0.0098222934051099, 0.010025321568654261, 0.009885864372183686, 0.009118989695734346, 0.009133167589568824]","[0.04258039834701226, 0.039167462535685586, 0.03697803435792183, 0.04070235772130116, 0.030838374813049903, 0.028795049338318075, 0.026273912946487385, 0.02468727821756744, 0.022172127994055314, 0.022654010619798128, 0.020411247803628473, 0.017957717464190427, 0.017532164404120615, 0.016689009424231144, 0.015734757910669993, 0.015994583959631842, 0.015418120906702287, 0.01559940809770522, 0.014067531904306697, 0.013837126567823056, 0.014739871415279788, 0.01553920355307913, 0.01280514195540763, 0.013777974432728777, 0.013147050235977, 0.014504417584134224, 0.012509699970955562, 0.0134280554025712, 0.012526141417302772, 0.012393365175928744]"
relu,mini_batch,0.001,"[5000, 128, 90]",32,7.384960889816284,"{'Hamming Loss': array(0.01028171), 'Accuracy': array(0.30952381), 'Precision': array(0.98767967), 'Recall': array(0.25143753), 'F1 Score': array(0.40083333)}","{'Hamming Loss': array(0.01010268), 'Accuracy': array(0.33885393), 'Precision': array(0.97707736), 'Recall': array(0.27323718), 'F1 Score': array(0.42705072)}","[0.10126586628266104, 0.04872372700122658, 0.048049341570831815, 0.04729943784796492, 0.0463288400610085, 0.04543734575942347, 0.04462021243550149, 0.043861630117993725, 0.043410181195672685, 0.043029795148054883, 0.042608389273514055, 0.04215417773593147, 0.04162030654382631, 0.04139763407207487, 0.041034612527821916, 0.040683674688674266, 0.04049355151653141, 0.040020766196146675, 0.03977104431309861, 0.039299374035123485]","[0.049578749436476326, 0.04859498747382639, 0.04766928474640463, 0.04681790748193278, 0.045997419504020545, 0.04492521664411143, 0.044265493009258444, 0.04358568092396013, 0.04299619945235799, 0.04254112801093574, 0.04234473583990598, 0.04180597526391191, 0.04145527930979232, 0.04113911147267652, 0.04082161766791271, 0.040507393382065805, 0.04012148222857254, 0.03986793654025196, 0.039502905106469824, 0.03924236584541727]"
relu,mini_batch,0.001,"[5000, 128, 90]",32,11.124183654785156,"{'Hamming Loss': array(0.00865866), 'Accuracy': array(0.45109395), 'Precision': array(0.98885794), 'Recall': array(0.3711448), 'F1 Score': array(0.53971874)}","{'Hamming Loss': array(0.00796069), 'Accuracy': array(0.52467705), 'Precision': array(0.97307002), 'Recall': array(0.43429487), 'F1 Score': array(0.60055402)}","[0.10139342319153308, 0.04897782427053876, 0.04828393617347014, 0.04774937919475325, 0.046817028041439855, 0.04586857973106208, 0.0450197243970796, 0.044220022737320036, 0.04358657841559205, 0.042953018246847545, 0.04245756728942944, 0.042234887146838054, 0.04165178378943869, 0.04133897446392863, 0.04101021239066614, 0.04056907423690652, 0.04026923058656255, 0.03985243256448308, 0.03952062917974467, 0.039156306791184724, 0.03885288077733023, 0.0383606743656609, 0.038026854843602104, 0.037627330956363385, 0.03751339683932118, 0.03692342966268167, 0.036631444397053826, 0.03624020890356017, 0.03577124275892121, 0.03556657263361283]","[0.04945418554831374, 0.048603467503807, 0.0479525978026384, 0.04728296426488435, 0.046400856987167095, 0.04575335484762005, 0.044575177451570136, 0.04380032706558459, 0.04317719255975458, 0.04271740416472651, 0.042339968317450745, 0.04177998487555806, 0.041677454518462165, 0.04104239502454626, 0.040727780414343176, 0.04050068891724809, 0.03999916864089933, 0.03970183784616248, 0.03936599395048926, 0.03892279694384473, 0.038543964104437944, 0.038321235030736804, 0.037943273835632535, 0.037553590645169006, 0.03713786705944828, 0.03678325542272733, 0.0364424804390732, 0.036263409760597186, 0.035834122667992976, 0.035433236576351446]"
relu,mini_batch,0.001,"[5000, 128, 64, 90]",32,8.758032321929932,"{'Hamming Loss': array(0.00752181), 'Accuracy': array(0.54054054), 'Precision': array(0.96540541), 'Recall': array(0.46680606), 'F1 Score': array(0.62931642)}","{'Hamming Loss': array(0.00723934), 'Accuracy': array(0.57634978), 'Precision': array(0.92860589), 'Recall': array(0.51415598), 'F1 Score': array(0.66185319)}","[0.08156899656013593, 0.049054906610142626, 0.048027837841284664, 0.045732837984188306, 0.04340065572758486, 0.042090115886996425, 0.04117475167805185, 0.04041044162657757, 0.039626170372545906, 0.03888776617054323, 0.037916169279901366, 0.03684155027512896, 0.03602568775609832, 0.034720866719439615, 0.03374441861804904, 0.03283194930221793, 0.032219808688142546, 0.031610593218096485, 0.030950045537696806, 0.03043803616537753]","[0.04910089562149466, 0.048442466513059314, 0.04664613038808614, 0.04438199377291163, 0.04238409658652439, 0.041396973919439195, 0.04047887265907294, 0.0399633200756231, 0.03891210493522504, 0.03823563501731176, 0.03740157967531556, 0.03687920646304261, 0.03521067690663141, 0.03465644073582418, 0.033237285075718236, 0.032655782569799854, 0.03207593530934432, 0.03133696662449693, 0.03071643245719024, 0.03038133189560039]"
relu,mini_batch,0.001,"[5000, 128, 64, 90]",32,13.249405860900879,"{'Hamming Loss': array(0.00700701), 'Accuracy': array(0.54568855), 'Precision': array(0.94898941), 'Recall': array(0.51542081), 'F1 Score': array(0.66802168)}","{'Hamming Loss': array(0.00696331), 'Accuracy': array(0.59589268), 'Precision': array(0.88169827), 'Recall': array(0.5713141), 'F1 Score': array(0.69335494)}","[0.08660421944083449, 0.04890440065952548, 0.047652375967252934, 0.04525115682148082, 0.04335643647426182, 0.042153582205937457, 0.04128222003955811, 0.04045099082534661, 0.03986339630798079, 0.03939522608191009, 0.0386857390119091, 0.03805949501734945, 0.037490743927893734, 0.036733357503512004, 0.03569962327242641, 0.03455949716301103, 0.033313981879042914, 0.03240009179592244, 0.03158090666179094, 0.03071436068678106, 0.029923356051553267, 0.029523129909080896, 0.028746206366550207, 0.02815123143195941, 0.027792575710638364, 0.027301243520265486, 0.02675354150620338, 0.02650970244855474, 0.026052109369423315, 0.025502350134153102]","[0.049001576077264526, 0.04850863432262692, 0.04649003053982994, 0.043762748990725436, 0.042095093523921434, 0.04128503399610892, 0.04053024292070818, 0.04041261213419047, 0.039410465059967946, 0.03874083194712715, 0.03811479118665775, 0.037463823025385375, 0.03727025970850875, 0.036039491301645715, 0.035071021663365815, 0.034047376458385244, 0.03348191168002156, 0.03206453054491922, 0.031169931831922407, 0.03078436141640618, 0.029873591978170796, 0.029342777639652585, 0.028860232525706072, 0.028318636296609478, 0.02798690671698666, 0.027465755754933013, 0.027169448655476817, 0.027277133059072794, 0.02637017714042747, 0.026338914505729432]"
relu,batch,0.01,"[5000, 128, 90]",32,2.387580394744873,"{'Hamming Loss': array(0.01367796), 'Accuracy': array(0.), 'Precision': 0, 'Recall': array(0.), 'F1 Score': 0}","{'Hamming Loss': array(0.0137794), 'Accuracy': array(0.), 'Precision': 0, 'Recall': array(0.), 'F1 Score': 0}","[0.6930889361957009, 0.2526236461429672, 0.2526236461429672, 0.2526236461429672, 0.2526236461429672, 0.2526236461429672, 0.2526236461429672, 0.2526236461429672, 0.2526236461429672, 0.2526236461429672, 0.2526236461429672, 0.2526236461429672, 0.2526236461429672, 0.2526236461429672, 0.2526236461429672, 0.2526236461429672, 0.2526236461429672, 0.2526236461429672, 0.2526236461429672, 0.2526236461429672]","[0.2519573922759251, 0.2519573922759251, 0.2519573922759251, 0.2519573922759251, 0.2519573922759251, 0.2519573922759251, 0.2519573922759251, 0.2519573922759251, 0.2519573922759251, 0.2519573922759251, 0.2519573922759251, 0.2519573922759251, 0.2519573922759251, 0.2519573922759251, 0.2519573922759251, 0.2519573922759251, 0.2519573922759251, 0.2519573922759251, 0.2519573922759251, 0.2519573922759251]"
relu,batch,0.01,"[5000, 128, 90]",32,3.579751968383789,"{'Hamming Loss': array(0.01367796), 'Accuracy': array(0.), 'Precision': 0, 'Recall': array(0.), 'F1 Score': 0}","{'Hamming Loss': array(0.0137794), 'Accuracy': array(0.), 'Precision': 0, 'Recall': array(0.), 'F1 Score': 0}","[0.6934245624442376, 0.2526236461277879, 0.25262364612776095, 0.2526236461277338, 0.25262364612770655, 0.2526236461276793, 0.25262364612765187, 0.25262364612762434, 0.2526236461275968, 0.25262364612756905, 0.2526236461275413, 0.25262364612751337, 0.25262364612748534, 0.25262364612745725, 0.25262364612742905, 0.25262364612740074, 0.2526236461273723, 0.2526236461273438, 0.25262364612731514, 0.25262364612728644, 0.2526236461272576, 0.25262364612722865, 0.2526236461271996, 0.2526236461271704, 0.25262364612714117, 0.2526236461271118, 0.2526236461270823, 0.25262364612705274, 0.25262364612702304, 0.25262364612699323]","[0.25195739226088965, 0.25195739226086283, 0.25195739226083597, 0.251957392260809, 0.25195739226078195, 0.2519573922607548, 0.2519573922607275, 0.2519573922607002, 0.2519573922606727, 0.2519573922606452, 0.25195739226061753, 0.2519573922605898, 0.2519573922605619, 0.25195739226053393, 0.25195739226050584, 0.2519573922604777, 0.25195739226044944, 0.2519573922604211, 0.2519573922603926, 0.25195739226036407, 0.2519573922603353, 0.25195739226030656, 0.2519573922602777, 0.25195739226024866, 0.25195739226021957, 0.2519573922601903, 0.25195739226016106, 0.2519573922601316, 0.25195739226010205, 0.2519573922600724]"
relu,batch,0.01,"[5000, 128, 64, 90]",32,2.4038233757019043,"{'Hamming Loss': array(0.01367796), 'Accuracy': array(0.), 'Precision': 0, 'Recall': array(0.), 'F1 Score': 0}","{'Hamming Loss': array(0.0137794), 'Accuracy': array(0.), 'Precision': 0, 'Recall': array(0.), 'F1 Score': 0}","[0.6924140533350341, 0.2526236461429672, 0.2526236461429672, 0.2526236461429672, 0.2526236461429672, 0.2526236461429672, 0.2526236461429672, 0.2526236461429672, 0.2526236461429672, 0.2526236461429672, 0.2526236461429672, 0.2526236461429672, 0.2526236461429672, 0.2526236461429672, 0.2526236461429672, 0.2526236461429672, 0.2526236461429672, 0.2526236461429672, 0.2526236461429672, 0.2526236461429672]","[0.2519573922759251, 0.2519573922759251, 0.2519573922759251, 0.2519573922759251, 0.2519573922759251, 0.2519573922759251, 0.2519573922759251, 0.2519573922759251, 0.2519573922759251, 0.2519573922759251, 0.2519573922759251, 0.2519573922759251, 0.2519573922759251, 0.2519573922759251, 0.2519573922759251, 0.2519573922759251, 0.2519573922759251, 0.2519573922759251, 0.2519573922759251, 0.2519573922759251]"
relu,batch,0.01,"[5000, 128, 64, 90]",32,3.602982521057129,"{'Hamming Loss': array(0.01367796), 'Accuracy': array(0.), 'Precision': 0, 'Recall': array(0.), 'F1 Score': 0}","{'Hamming Loss': array(0.0137794), 'Accuracy': array(0.), 'Precision': 0, 'Recall': array(0.), 'F1 Score': 0}","[0.6928301316816243, 0.2526236461429672, 0.2526236461429672, 0.2526236461429672, 0.2526236461429672, 0.2526236461429672, 0.2526236461429672, 0.2526236461429672, 0.2526236461429672, 0.2526236461429672, 0.2526236461429672, 0.2526236461429672, 0.2526236461429672, 0.2526236461429672, 0.2526236461429672, 0.2526236461429672, 0.2526236461429672, 0.2526236461429672, 0.2526236461429672, 0.2526236461429672, 0.2526236461429672, 0.2526236461429672, 0.2526236461429672, 0.2526236461429672, 0.2526236461429672, 0.2526236461429672, 0.2526236461429672, 0.2526236461429672, 0.2526236461429672, 0.2526236461429672]","[0.2519573922759251, 0.2519573922759251, 0.2519573922759251, 0.2519573922759251, 0.2519573922759251, 0.2519573922759251, 0.2519573922759251, 0.2519573922759251, 0.2519573922759251, 0.2519573922759251, 0.2519573922759251, 0.2519573922759251, 0.2519573922759251, 0.2519573922759251, 0.2519573922759251, 0.2519573922759251, 0.2519573922759251, 0.2519573922759251, 0.2519573922759251, 0.2519573922759251, 0.2519573922759251, 0.2519573922759251, 0.2519573922759251, 0.2519573922759251, 0.2519573922759251, 0.2519573922759251, 0.2519573922759251, 0.2519573922759251, 0.2519573922759251, 0.2519573922759251]"
relu,batch,0.001,"[5000, 128, 90]",32,2.3888542652130127,"{'Hamming Loss': array(0.01367796), 'Accuracy': array(0.), 'Precision': 0, 'Recall': array(0.), 'F1 Score': 0}","{'Hamming Loss': array(0.0137794), 'Accuracy': array(0.), 'Precision': 0, 'Recall': array(0.), 'F1 Score': 0}","[0.692603205345883, 0.06927774020414233, 3.261710156455122, 0.2621675343021102, 0.10969031879598436, 0.08647630360663858, 0.0770834923137548, 0.07199855943174217, 0.06869992219737285, 0.06655477247355494, 0.0647612038436789, 0.06319065120091255, 0.061814691001814595, 0.060616399801859774, 0.05958374878569688, 0.05870439936469413, 0.05796206313284537, 0.05733576234223916, 0.056802309267902334, 0.05634044156428496]","[0.07024173929989024, 3.2607863331846967, 0.26385058978720743, 0.11002997804992264, 0.08701353817149454, 0.07776888202038229, 0.0728123185652622, 0.06959721827069278, 0.06746026622503465, 0.06563762490541833, 0.06403797083807312, 0.06263456986221377, 0.06141001093329149, 0.060351864775045866, 0.05944738832458813, 0.05867999117513863, 0.05802853424651895, 0.05746991809243893, 0.0569831883531021, 0.05655225040468181]"
relu,batch,0.001,"[5000, 128, 90]",32,3.5828969478607178,"{'Hamming Loss': array(0.01367796), 'Accuracy': array(0.), 'Precision': 0, 'Recall': array(0.), 'F1 Score': 0}","{'Hamming Loss': array(0.0137794), 'Accuracy': array(0.), 'Precision': 0, 'Recall': array(0.), 'F1 Score': 0}","[0.6930423232355881, 0.07354224769542048, 1.8260257161309024, 0.403109770066792, 0.21888669127883043, 0.09124836669329532, 0.07837356910423149, 0.07268480796003278, 0.06973011294027319, 0.0672807734515422, 0.06518581431457082, 0.06336184556930825, 0.061761334813856754, 0.06035710196075645, 0.05913362957760555, 0.05808083627004502, 0.057188833571761105, 0.05644371921417552, 0.05582567575566277, 0.05531057214617782, 0.05487420241588634, 0.05449625283247762, 0.05416181864495621, 0.053860737575220786, 0.053586181052200414, 0.05333346250148555, 0.05309927024562935, 0.0528812101731954, 0.05267751960853675, 0.05248687198573336]","[0.07383187567374185, 1.8266756902555106, 0.40405290393047927, 0.21754096533799674, 0.09118020918741612, 0.07822205868560576, 0.07254592855140612, 0.06958358390155221, 0.0671284390695403, 0.06502779327372256, 0.06319916430023055, 0.06159488222175084, 0.06018804532367451, 0.05896313914069772, 0.05791008606835767, 0.057018873400959146, 0.056275446902369214, 0.05565985607675542, 0.05514794022027741, 0.05471558495879642, 0.05434264533423394, 0.054014377408552854, 0.053720703406530984, 0.05345477664386423, 0.05321180015767002, 0.052988288722142715, 0.05278164247983138, 0.05258988616260274, 0.05241149097450858, 0.05224524316515924]"
relu,batch,0.001,"[5000, 128, 64, 90]",32,2.401383399963379,"{'Hamming Loss': array(0.01367796), 'Accuracy': array(0.), 'Precision': 0, 'Recall': array(0.), 'F1 Score': 0}","{'Hamming Loss': array(0.0137794), 'Accuracy': array(0.), 'Precision': 0, 'Recall': array(0.), 'F1 Score': 0}","[0.69311421617058, 0.2074896951965417, 7.813809197778569, 4.189736546197688, 0.35601076036508894, 0.280764265797289, 0.2732553447384236, 0.07774820342297467, 0.07126870417108322, 0.06643875825314828, 0.06332917825780991, 0.06161981151336577, 0.06035727890042507, 0.05918208451357344, 0.058105093446439306, 0.05700590492678933, 0.055785064826966935, 0.054546324529091327, 0.05386558133173412, 0.05825747426114931]","[0.20723733116596846, 7.813044548284544, 4.190293305309379, 0.3563711797306393, 0.27912513621798424, 0.2724832436965902, 0.07699561007681056, 0.07069518488403145, 0.0660418594356613, 0.06307140371889561, 0.06143140256215345, 0.060179204918104176, 0.0590169243498121, 0.057949284097184035, 0.05686610610260228, 0.055665595773840525, 0.05445503783313249, 0.053779847485841185, 0.058153486371686706, 0.0614009536859589]"
relu,batch,0.001,"[5000, 128, 64, 90]",32,3.6013386249542236,"{'Hamming Loss': array(0.01367796), 'Accuracy': array(0.), 'Precision': 0, 'Recall': array(0.), 'F1 Score': 0}","{'Hamming Loss': array(0.0137794), 'Accuracy': array(0.), 'Precision': 0, 'Recall': array(0.), 'F1 Score': 0}","[0.6929283776143698, 0.3141634963509552, 7.82811627164229, 4.7559476661729985, 1.6268127964776156, 0.21441533550322078, 0.2934433759852876, 0.28493531993515486, 0.28543121272314886, 0.28336737003591694, 0.2790597658063147, 0.27706645431060883, 0.27434918170817696, 0.08431990844158448, 0.07065263231896873, 0.06848990740741841, 0.06689486093010935, 0.0655546117739498, 0.06439203952473531, 0.0633586491916857, 0.06242091608767484, 0.06155590735180772, 0.060749251375026014, 0.05999290282386321, 0.05928309761431592, 0.058618792605182254, 0.0580004597256344, 0.05742900522700816, 0.05690474309876989, 0.05642658060792751]","[0.31389760977023284, 7.828665228354086, 4.754779416638059, 1.6290743687554146, 0.21695248069913978, 0.29320877347382324, 0.2838685607196349, 0.28395206338546797, 0.2827206437703276, 0.2785863696628347, 0.2755562778127594, 0.2724717543990394, 0.08459360653275068, 0.07103347927664147, 0.06891078038918451, 0.06731604137414864, 0.06597329278030925, 0.06480472729171018, 0.06376321723293928, 0.06281531014260772, 0.06193875799029027, 0.06111957215125114, 0.06035013678601102, 0.05962697520992776, 0.05894927962725871, 0.05831769145925359, 0.05773325962939319, 0.057196427689319984, 0.05670623958408352, 0.05626002464735485]"
relu,sgd,0.01,"[5000, 128, 90]",32,192.21544194221497,"{'Hamming Loss': array(0.00482625), 'Accuracy': array(0.70785071), 'Precision': array(0.95050946), 'Recall': array(0.68269733), 'F1 Score': array(0.79464557)}","{'Hamming Loss': array(0.00506054), 'Accuracy': array(0.72540576), 'Precision': array(0.88495288), 'Recall': array(0.72729701), 'F1 Score': array(0.79841665)}","[0.05282860552225027, 0.042059969206968, 0.03874925297042465, 0.03521215893215472, 0.03237069515130617, 0.030166379702522842, 0.02837530862812926, 0.02685316359648242, 0.025458102284265267, 0.02423934573944989, 0.023172045697975856, 0.02217459538297647, 0.02128814814848407, 0.02042638763389194, 0.019684793614728083, 0.01894167920427919, 0.018294505063913957, 0.01760442364386108, 0.017006835476276964, 0.016480840769222453]","[0.04425028680292088, 0.04042517031320833, 0.036957034335379224, 0.03366130605747284, 0.03162457708051708, 0.029323566518620413, 0.02768040707591002, 0.026503669417881424, 0.025468514559942843, 0.02417302907595696, 0.023112720269707444, 0.022607363415158076, 0.021443624021230012, 0.020704219073796996, 0.020117895716041685, 0.019503892797359187, 0.019043580545628467, 0.018618583068809164, 0.018088828353137434, 0.017545587962854353]"
relu,sgd,0.01,"[5000, 128, 90]",32,286.03061294555664,"{'Hamming Loss': array(0.0042757), 'Accuracy': array(0.74903475), 'Precision': array(0.93514229), 'Recall': array(0.73863042), 'F1 Score': array(0.82535047)}","{'Hamming Loss': array(0.00497221), 'Accuracy': array(0.73699901), 'Precision': array(0.84531025), 'Recall': array(0.78231838), 'F1 Score': array(0.81259537)}","[0.052768462651121735, 0.04209296788228321, 0.03861965945031309, 0.03512260508645508, 0.03239747746057049, 0.03029609355650645, 0.028536093257862213, 0.02700664249162617, 0.025634086860747578, 0.02441041593682363, 0.023389497769273133, 0.02236897051896603, 0.021447135220708256, 0.020629157948870193, 0.019764791744933865, 0.01903247209405277, 0.018333100496464208, 0.01767155337235342, 0.017098966723327915, 0.016514822087889416, 0.015960769042776293, 0.015475273833939665, 0.015037147371191857, 0.014582428356993714, 0.014124902019861607, 0.013726020838568121, 0.0133904572383165, 0.013014400386503344, 0.012666070749369398, 0.012357959898475476]","[0.04340292268373397, 0.039847296237817575, 0.03659302967514568, 0.03342952322203472, 0.03105460224327969, 0.029499020622953256, 0.02805860601916104, 0.026528950274724888, 0.025927211820697727, 0.02430382149024587, 0.023335072462867874, 0.022806240420251558, 0.022058286586578244, 0.02097886121318498, 0.02045493056740592, 0.02012237566587507, 0.019017756792240343, 0.018466018766434448, 0.01798968598988558, 0.01774811375790403, 0.017717059977060585, 0.016843851866472966, 0.01689913695653667, 0.016466617139681325, 0.015878893157898085, 0.015595330824472134, 0.015374633647490189, 0.014972005868858619, 0.015061783178482143, 0.014889529179070238]"
relu,sgd,0.01,"[5000, 128, 64, 90]",32,235.59297585487366,"{'Hamming Loss': array(0.00363935), 'Accuracy': array(0.78442728), 'Precision': array(0.95), 'Recall': array(0.77469942), 'F1 Score': array(0.85344083)}","{'Hamming Loss': array(0.00411836), 'Accuracy': array(0.78072209), 'Precision': array(0.89074129), 'Recall': array(0.7991453), 'F1 Score': array(0.84246093)}","[0.04910005016971957, 0.037192827094498504, 0.03137494307035525, 0.027323360865593917, 0.024067332306909866, 0.021491470372494114, 0.019467723183984622, 0.01785933037343419, 0.016283327991201243, 0.014988282100933064, 0.01397400454259679, 0.012970365656835906, 0.012173502548253747, 0.011373520988599796, 0.010689790764926073, 0.010191034822222066, 0.009575389249243895, 0.009046828306548177, 0.008708493386846738, 0.00826455530724377]","[0.04547720923175279, 0.03413257610642049, 0.028532447231457345, 0.027186817387262762, 0.023177381947136852, 0.021604475630338217, 0.018750764501906027, 0.017947799135559807, 0.017213753770710813, 0.017770763012964423, 0.016154026515801837, 0.015188407473114892, 0.014622760802856167, 0.014846269001088654, 0.014598517240887487, 0.014011937507335972, 0.01597708169022274, 0.012795813855666834, 0.014345920961550714, 0.013209516953202162]"
relu,sgd,0.01,"[5000, 128, 64, 90]",32,354.49932074546814,"{'Hamming Loss': array(0.00335335), 'Accuracy': array(0.8037323), 'Precision': array(0.92470588), 'Recall': array(0.82174595), 'F1 Score': array(0.87019098)}","{'Hamming Loss': array(0.0044496), 'Accuracy': array(0.77376615), 'Precision': array(0.85454545), 'Recall': array(0.81597222), 'F1 Score': array(0.8348135)}","[0.049159912151462315, 0.038011230591846065, 0.03132194219966062, 0.02715885540627013, 0.024160822179006634, 0.021612629600797486, 0.019458630901781793, 0.017753057283733307, 0.016285475174288907, 0.015042955420213588, 0.01419137425938949, 0.01320365884186475, 0.01236111985630995, 0.011506447951736306, 0.010874706014938538, 0.01030665016449496, 0.009718130742535481, 0.009169009779144392, 0.008723675054310593, 0.008343175462333595, 0.0080137310033885, 0.007543479262392462, 0.007228618714944919, 0.006962478631843293, 0.00659821575889757, 0.006269362876537334, 0.00599667815671145, 0.00572911183621474, 0.005570858390872161, 0.005368265713951062]","[0.03984550138661992, 0.03339072885688936, 0.030001218771366665, 0.028684654347300005, 0.023128372847274405, 0.020635937601410036, 0.019075823126198543, 0.018157674366542347, 0.01735613389971902, 0.016149368483336545, 0.016268909655486618, 0.01485962127345475, 0.014665450334124043, 0.013725236194232923, 0.01629020880573032, 0.01393794225533302, 0.013747454999917462, 0.013301412610682788, 0.013282246396314737, 0.012644140094822062, 0.01422589673106179, 0.013677652405273041, 0.013735373020167377, 0.012051857105865963, 0.01264130735873249, 0.015410486974307877, 0.01240895673064424, 0.012240167664928747, 0.018006502142830283, 0.012242556556936332]"
relu,sgd,0.001,"[5000, 128, 90]",32,193.55090022087097,"{'Hamming Loss': array(0.01018876), 'Accuracy': array(0.31724582), 'Precision': array(0.98995984), 'Recall': array(0.2577104), 'F1 Score': array(0.40895894)}","{'Hamming Loss': array(0.00935924), 'Accuracy': array(0.40211991), 'Precision': array(0.98860862), 'Recall': array(0.32451923), 'F1 Score': array(0.48863865)}","[0.09844863989975687, 0.04884449188381102, 0.04810537724570069, 0.04733124126250836, 0.04647295245290803, 0.04553960296658816, 0.04470214188372591, 0.04398708200039218, 0.043406932965126196, 0.042903816825391294, 0.042437974643785646, 0.04205517757499301, 0.04167212171104652, 0.04131339801184698, 0.04095791806131966, 0.040619917311600785, 0.040287474443583875, 0.039936139188236665, 0.03958710828199654, 0.03921893023049846]","[0.049366975313689554, 0.048387995706504046, 0.04761255870629374, 0.046905028261214204, 0.045839045054657516, 0.04498147228724458, 0.04424738586475883, 0.043565404801586216, 0.04292272043234043, 0.04247977568403357, 0.042151625157931215, 0.04172768749680223, 0.04136196761990363, 0.04100570944601145, 0.04073731623595397, 0.040277641669674104, 0.04004590503385058, 0.0397832404440709, 0.0393362150533315, 0.03905635723957594]"
relu,sgd,0.001,"[5000, 128, 90]",32,285.50987243652344,"{'Hamming Loss': array(0.00875876), 'Accuracy': array(0.44208494), 'Precision': array(0.99142857), 'Recall': array(0.36278097), 'F1 Score': array(0.5311902)}","{'Hamming Loss': array(0.00798646), 'Accuracy': array(0.51970851), 'Precision': array(0.98400984), 'Recall': array(0.42735043), 'F1 Score': array(0.59590317)}","[0.09882297800992046, 0.04882332375984026, 0.04808990213377283, 0.047307420643047424, 0.046393338084695174, 0.04548159291966511, 0.044653437738944424, 0.04396694015330847, 0.0433947220925245, 0.0429360062196037, 0.042489263649164825, 0.04210613337773007, 0.04176188922978363, 0.04139760270139339, 0.041079059135898446, 0.0407229518488297, 0.04036643723220555, 0.04003523807598484, 0.03970291117038326, 0.039359471359774884, 0.03901012233318145, 0.03865261944204193, 0.03828524563333531, 0.03792153723529422, 0.037552174313844895, 0.037169718689560025, 0.036805470894086006, 0.036439225095875924, 0.03608875834415035, 0.0357285288141405]","[0.04940912814156326, 0.048476297997482515, 0.04770368082430768, 0.04692115149169413, 0.04584531103920777, 0.04486779140867358, 0.04430895036722736, 0.04351578717302178, 0.043038191437182294, 0.04261524023549589, 0.04229191090683106, 0.04183431565785737, 0.041471268494962264, 0.04124595199001616, 0.040805331763928566, 0.040547871641414095, 0.04009953971477215, 0.03991230257237092, 0.039544288858581966, 0.03927975289740826, 0.03883812040769516, 0.03842066353292025, 0.03809498795285, 0.037771593403305104, 0.03738796354881435, 0.03700153710972835, 0.03673975449100617, 0.036369057183931464, 0.03600349527230551, 0.03557029811243203]"
relu,sgd,0.001,"[5000, 128, 64, 90]",32,235.12780714035034,"{'Hamming Loss': array(0.00748606), 'Accuracy': array(0.53474903), 'Precision': array(0.96459227), 'Recall': array(0.4699425), 'F1 Score': array(0.63198594)}","{'Hamming Loss': array(0.00722829), 'Accuracy': array(0.5736999), 'Precision': array(0.92995169), 'Recall': array(0.51415598), 'F1 Score': array(0.6621947)}","[0.07492524657788342, 0.04837440712845606, 0.04658727954167355, 0.04429616527848573, 0.042762108338108645, 0.04173415730510038, 0.040921420314013864, 0.04021011400091353, 0.039578459829183524, 0.038908541187696384, 0.03822077928307543, 0.03745181257836326, 0.03658239575147277, 0.03552799004098442, 0.034421494688649655, 0.0333837137285281, 0.03243231040619982, 0.031599946718349675, 0.03083885227716519, 0.030157588993314152]","[0.04911953600791841, 0.04773473840403841, 0.04504351902603408, 0.04298624861151007, 0.042040824980898034, 0.04108420290157794, 0.04036063953710177, 0.039946416433363933, 0.0391239881255048, 0.03860846926372108, 0.03766487660638994, 0.03728833185914752, 0.03590534121960245, 0.035111019763548225, 0.033942630262734454, 0.03300096988833293, 0.03226694080722815, 0.031291247325410027, 0.030649537265398836, 0.03009146137245732]"
relu,sgd,0.001,"[5000, 128, 64, 90]",32,352.91833448410034,"{'Hamming Loss': array(0.00664236), 'Accuracy': array(0.57528958), 'Precision': array(0.95303867), 'Recall': array(0.54103502), 'F1 Score': array(0.69023008)}","{'Hamming Loss': array(0.00671304), 'Accuracy': array(0.60980457), 'Precision': array(0.875), 'Recall': array(0.5982906), 'F1 Score': array(0.7106599)}","[0.07480808815616588, 0.047991527884871855, 0.04572244573964847, 0.043514941608696914, 0.04214744194434896, 0.04119810826430486, 0.04033060556257588, 0.03958303302528483, 0.03878320435495005, 0.03791949702307605, 0.03707574404904736, 0.03601026815507863, 0.0349285550285331, 0.03388609717576064, 0.032974236702907125, 0.03216623471834851, 0.031427833227710485, 0.030728401017497235, 0.030108780116976246, 0.029518213045680957, 0.028879948375690453, 0.02830734813585775, 0.02785879424353265, 0.02733991870700139, 0.026868324147536312, 0.02642171902900597, 0.026016062818743076, 0.025554176241550316, 0.025181797497421762, 0.024766326426438078]","[0.04853032615153649, 0.046676814704090346, 0.044163626572602845, 0.042351966121923046, 0.04141603997166266, 0.04043852137590399, 0.039704340278087294, 0.03894510156985901, 0.038553633073074293, 0.03772921788810646, 0.03661187388404772, 0.03533261695460613, 0.034525166819482186, 0.03335422245888254, 0.03259070264388319, 0.03168104577433075, 0.03153520742726391, 0.030938122655872244, 0.03028515859450783, 0.02939812746168306, 0.029299025847945193, 0.028538110532824446, 0.028246883757120606, 0.027588319592901225, 0.027157487866628218, 0.026697666553205927, 0.02638019599489856, 0.026728614463125747, 0.025793492556123065, 0.025433305077105707]"
tanh,mini_batch,0.01,"[5000, 128, 90]",32,7.7642741203308105,"{'Hamming Loss': array(0.0049621), 'Accuracy': array(0.68854569), 'Precision': array(0.94198695), 'Recall': array(0.67903816), 'F1 Score': array(0.78918591)}","{'Hamming Loss': array(0.00555003), 'Accuracy': array(0.70851275), 'Precision': array(0.84463625), 'Recall': array(0.73183761), 'F1 Score': array(0.78420149)}","[0.05687689152973892, 0.043066071292098, 0.03958728058732647, 0.036326689375369633, 0.03308903538735349, 0.030927201522637716, 0.029163962419994676, 0.027533317405018132, 0.025979066303400317, 0.024770046124751966, 0.023693852744537038, 0.0227492629365791, 0.02166954524305464, 0.020761980555459403, 0.01997723867949692, 0.019281546810137426, 0.01846836358723657, 0.017775846400383696, 0.017239804385849166, 0.01674334967620416]","[0.04413183464433707, 0.04060836878119224, 0.038020072372076455, 0.03385492073261018, 0.03148102336114416, 0.02947367037542028, 0.02893831926370775, 0.026714772121284817, 0.025538186140747418, 0.02428945986804821, 0.02352108969773437, 0.02357418737236965, 0.021850049181404062, 0.021123023249980506, 0.020381924168741114, 0.019870102006367643, 0.019062897877964145, 0.018751475789940304, 0.01872127379281834, 0.018034615350762125]"
tanh,mini_batch,0.01,"[5000, 128, 90]",32,11.032835721969604,"{'Hamming Loss': array(0.00425425), 'Accuracy': array(0.75160875), 'Precision': array(0.95385675), 'Recall': array(0.72399373), 'F1 Score': array(0.82317979)}","{'Hamming Loss': array(0.00502374), 'Accuracy': array(0.74263001), 'Precision': array(0.83898547), 'Recall': array(0.78632479), 'F1 Score': array(0.81180201)}","[0.05627165158491052, 0.042832797552400645, 0.03945034396767614, 0.036028501380841675, 0.032791373005210574, 0.030740608951445317, 0.02922150710801736, 0.027372378865790394, 0.026201353967647372, 0.024753969029950126, 0.023834643490144223, 0.02261077402055015, 0.0217362113202774, 0.020695506681626664, 0.019861797745596644, 0.019302141939118573, 0.018455858342399472, 0.017856192800380647, 0.017301980452758763, 0.016619166802661345, 0.016085845507465966, 0.015610622034665327, 0.01509991507969167, 0.01477426160384754, 0.01426798899349366, 0.013903645796930764, 0.013508328998034504, 0.013147951575315774, 0.012867255236247195, 0.012414815992068475]","[0.04594627451795817, 0.04030751596980728, 0.03776882197886343, 0.033593997955680834, 0.03165718184073463, 0.02937412771779796, 0.028052078962243772, 0.026793664596784953, 0.02568383045233221, 0.02454561420429262, 0.023877342543749933, 0.02264319053467602, 0.02257838252907098, 0.020888246033530844, 0.02031363909533637, 0.01947966010402177, 0.019018999964539797, 0.01875148387111592, 0.018189001162966654, 0.017611104267044257, 0.017525385770355506, 0.017180649955537888, 0.016632910102657262, 0.016286366208737846, 0.01631410515743601, 0.015882901130490214, 0.015662097017657223, 0.01532210444817345, 0.015070787149600006, 0.015141487034636419]"
tanh,mini_batch,0.01,"[5000, 128, 64, 90]",32,8.36426568031311,"{'Hamming Loss': array(0.00651366), 'Accuracy': array(0.65379665), 'Precision': array(0.82532468), 'Recall': array(0.66440146), 'F1 Score': array(0.73617145)}","{'Hamming Loss': array(0.0063634), 'Accuracy': array(0.67969526), 'Precision': array(0.80819823), 'Recall': array(0.70566239), 'F1 Score': array(0.75345786)}","[0.059862392673043066, 0.04381535975940184, 0.039092476324748174, 0.034720331525192515, 0.03135727468765143, 0.026786607806574644, 0.024365352021945137, 0.022247761555158802, 0.020446211688070058, 0.018344231003625474, 0.017564741597827845, 0.015847580848587978, 0.015402894278662461, 0.014030856699001943, 0.013757921262317374, 0.013328609245129137, 0.012213349745868515, 0.011250230270723848, 0.011106975401066836, 0.010234574636153588]","[0.04441518357716812, 0.03876484981989768, 0.034731770477463064, 0.028531621554014844, 0.03555629161987298, 0.05264363490519045, 0.021281816769881653, 0.021052137809176343, 0.017756268720160416, 0.017547073836118702, 0.01648774573356774, 0.01620444712248194, 0.015131305606684955, 0.014512325088848714, 0.014667883489645013, 0.01445988396742998, 0.0143068308427164, 0.014688632321576743, 0.012372907298943294, 0.023048980507880082]"
tanh,mini_batch,0.01,"[5000, 128, 64, 90]",32,12.50737977027893,"{'Hamming Loss': array(0.00355355), 'Accuracy': array(0.8005148), 'Precision': array(0.92753623), 'Recall': array(0.80292734), 'F1 Score': array(0.86074531)}","{'Hamming Loss': array(0.00395642), 'Accuracy': array(0.79264657), 'Precision': array(0.88292683), 'Recall': array(0.82184829), 'F1 Score': array(0.8512934)}","[0.05908934238799573, 0.043850965930042625, 0.03917229924786075, 0.03345805632446061, 0.030220548550049322, 0.02683576192244834, 0.023810433337419386, 0.02237706659835536, 0.019786656444334867, 0.018393058692888906, 0.016776386857022603, 0.015806715806551075, 0.015825892886193745, 0.013967501795976264, 0.013432309414016616, 0.012274049024835398, 0.011659677109518294, 0.011802569142388211, 0.01070550854073801, 0.010401971293750444, 0.011408164899236465, 0.009472004697322943, 0.009732350102754873, 0.008584833183398043, 0.010453688022947003, 0.008069126677804581, 0.007667638550095273, 0.007369471443914016, 0.007348498912663315, 0.0067944504406610914]","[0.045144384835121516, 0.038712104893412876, 0.03627474445838418, 0.028968412316637927, 0.024316862271307266, 0.0238347581291016, 0.020051561561692556, 0.019181278917996595, 0.030677000477851282, 0.018069054254971087, 0.023387518413557316, 0.017510048939085913, 0.01530984161382029, 0.01584076047950959, 0.013700605813398856, 0.013616028041084386, 0.01424769279020461, 0.01341623158606535, 0.012979327869283573, 0.015210773514537772, 0.012611250255796838, 0.01199892655490002, 0.011477361550213507, 0.015235195740167299, 0.013270950826017766, 0.011534140377337592, 0.011598812643165535, 0.012055005278157638, 0.010622982351530367, 0.011631116287882205]"
tanh,mini_batch,0.001,"[5000, 128, 90]",32,7.364222049713135,"{'Hamming Loss': array(0.01039611), 'Accuracy': array(0.2972973), 'Precision': array(0.99354839), 'Recall': array(0.24150549), 'F1 Score': array(0.38856182)}","{'Hamming Loss': array(0.00980825), 'Accuracy': array(0.36170918), 'Precision': array(0.98823529), 'Recall': array(0.29166667), 'F1 Score': array(0.45040214)}","[0.0982124787858599, 0.04921387187144191, 0.04845652642347732, 0.047845905369282196, 0.04706790246646665, 0.04620813877685897, 0.045456464878147494, 0.04472884890955289, 0.0443130133184662, 0.04374298369514004, 0.04309386145052815, 0.04275531486091488, 0.04240082165784825, 0.04214495026649662, 0.04169543939507762, 0.041354595577685886, 0.04113421272883687, 0.04076652343271786, 0.04054099312029724, 0.04017555715910388]","[0.04994563394040825, 0.04886242451902428, 0.04809582565988578, 0.0474161302187281, 0.04670893539465226, 0.04577749775660354, 0.04502170478438972, 0.044367818281085956, 0.04377471738780687, 0.043251714948070896, 0.04285005568539528, 0.04249163050315617, 0.04206523098284208, 0.0417641207037812, 0.04147784941913643, 0.04125558631829822, 0.04089932775111305, 0.040714695388781384, 0.040276433907419466, 0.04003856380490562]"
tanh,mini_batch,0.001,"[5000, 128, 90]",32,10.966549396514893,"{'Hamming Loss': array(0.00905191), 'Accuracy': array(0.41377091), 'Precision': array(0.99389313), 'Recall': array(0.34030319), 'F1 Score': array(0.50700935)}","{'Hamming Loss': array(0.00814471), 'Accuracy': array(0.50314674), 'Precision': array(0.98664971), 'Recall': array(0.41452991), 'F1 Score': array(0.58378785)}","[0.09990344768030274, 0.04917870128637466, 0.048416292920848064, 0.04780862734888745, 0.046994323324037184, 0.046242698946838134, 0.045367694277339464, 0.04479013383346586, 0.04413278668694944, 0.0434784273505866, 0.04308913743376953, 0.042609029001926986, 0.04226635764736019, 0.041893669562687995, 0.041651044169147895, 0.041336977853240524, 0.04096190865760299, 0.040576301379209825, 0.04040304693887842, 0.04001337019444338, 0.03972475356026128, 0.039424764649743094, 0.039043521752723714, 0.03881588662635336, 0.03846708208117678, 0.03811371305359936, 0.0378455029763604, 0.03732970523194668, 0.03692281117787392, 0.036650904167813594]","[0.05000856074828859, 0.048789084001654326, 0.04809343192853185, 0.04750384077769138, 0.04662442368710338, 0.04573510610935999, 0.04491111479538732, 0.0441765325383698, 0.04372194007373922, 0.04316140214401831, 0.04272112880259175, 0.04233863552394494, 0.04202503593438709, 0.04172506020074362, 0.041379004200621905, 0.0410301929783689, 0.04077379648786059, 0.040511358806472664, 0.040310461708857034, 0.03992095159930899, 0.03954869099244903, 0.03924951773831752, 0.03893901713665527, 0.03860374125171974, 0.03830728704236449, 0.037987732437450315, 0.03761752989610266, 0.03729359900971654, 0.03689162634360231, 0.03657087449508411]"
tanh,mini_batch,0.001,"[5000, 128, 64, 90]",32,8.332647323608398,"{'Hamming Loss': array(0.00824396), 'Accuracy': array(0.48712999), 'Precision': array(0.98346056), 'Recall': array(0.40407737), 'F1 Score': array(0.57280474)}","{'Hamming Loss': array(0.00789813), 'Accuracy': array(0.54455118), 'Precision': array(0.94837262), 'Recall': array(0.45138889), 'F1 Score': array(0.611654)}","[0.07804426817109687, 0.049501720781912915, 0.049195700078785674, 0.048732189262005406, 0.04815617939087833, 0.0468231467804937, 0.0450810577951956, 0.04361435456595211, 0.0426740551147326, 0.04188353930117745, 0.04142752377430607, 0.040806468524516255, 0.040341811439931735, 0.03989015188942603, 0.039426986308668206, 0.039050828329571435, 0.03864131358744613, 0.03804418336201799, 0.037314202176391746, 0.0365537287471342]","[0.049812983595113595, 0.04926629884236857, 0.04908572382809997, 0.048612445607069704, 0.047598149284392946, 0.04583053682246663, 0.0440017751469849, 0.0428765186826291, 0.04202989019995484, 0.04142378847983375, 0.04098911201242682, 0.041145364215968996, 0.04062487996317293, 0.03964417082339935, 0.039119595116387816, 0.03863653849195539, 0.03822991261128131, 0.037690272338792845, 0.037905821749486014, 0.03655307799333161]"
tanh,mini_batch,0.001,"[5000, 128, 64, 90]",32,12.555211305618286,"{'Hamming Loss': array(0.00762906), 'Accuracy': array(0.53474903), 'Precision': array(0.94809322), 'Recall': array(0.46785154), 'F1 Score': array(0.62653133)}","{'Hamming Loss': array(0.0074712), 'Accuracy': array(0.56409407), 'Precision': array(0.89934762), 'Recall': array(0.51549145), 'F1 Score': array(0.65534805)}","[0.0763197812456528, 0.049427851388009356, 0.04902514019867544, 0.04859733439364204, 0.047261928488005304, 0.04521635504520644, 0.04378478523024424, 0.042774602011631156, 0.042024571404374635, 0.04136044269566803, 0.04087148721738449, 0.04030615488075424, 0.03982172928568858, 0.039542456821898865, 0.039057663019355905, 0.038566036280723776, 0.038153173130960484, 0.03733856376088735, 0.036500021382645645, 0.035731674587374855, 0.034726161716114735, 0.03382104317338538, 0.03326926216842506, 0.03250796667271574, 0.032030712911264254, 0.0315526042540578, 0.03125052274811258, 0.030733485738803135, 0.030325922588225217, 0.029932566000480654]","[0.050131095054005176, 0.04929121118420327, 0.04888542027039001, 0.04794611629141323, 0.04619563494761007, 0.04428007639374548, 0.04317544930741932, 0.04218669491218868, 0.04173167914540032, 0.04100832781108004, 0.040391152100188815, 0.04011496470581153, 0.040139272690292695, 0.039153198580309745, 0.03880285010022449, 0.038225355491902833, 0.03768404810530673, 0.03699583320237713, 0.03635207973620318, 0.03519038273220752, 0.03450894690232376, 0.033555952415241924, 0.03302046654163474, 0.032735737272479304, 0.0321029836916974, 0.031679741144528324, 0.03147912599342059, 0.0313927507275143, 0.030674350803484157, 0.030638403907636984]"
tanh,batch,0.01,"[5000, 128, 90]",32,2.436495542526245,"{'Hamming Loss': array(0.02318747), 'Accuracy': array(0.001287), 'Precision': array(0.28603604), 'Recall': array(0.46471511), 'F1 Score': array(0.35411273)}","{'Hamming Loss': array(0.02270803), 'Accuracy': array(0.00066247), 'Precision': array(0.29910566), 'Recall': array(0.48237179), 'F1 Score': array(0.36924964)}","[0.6931955479912435, 0.210118949690644, 0.4223566403912539, 0.42235663958604963, 0.42235663875414714, 0.4223566378940793, 0.4223566370042653, 0.422356636082999, 0.4223566351284364, 0.42235663413858116, 0.42235663311126764, 0.42235663204414275, 0.42235663093464487, 0.4223566297799794, 0.42235662857709105, 0.4223566273226325, 0.4223566260129283, 0.42235662464393176, 0.4223566232111771, 0.4223566217097224]","[0.20950017763220458, 0.4271289610004336, 0.42712896017859675, 0.4271289593299535, 0.4271289584530523, 0.42712895754633123, 0.4271289566081052, 0.4271289556365553, 0.4271289546297129, 0.42712895358544506, 0.42712895250143557, 0.4271289513751656, 0.42712895020388886, 0.4271289489846061, 0.42712894771403387, 0.4271289463885698, 0.42712894500425147, 0.4271289435567096, 0.42712894204111324, 0.4271289404521058]"
tanh,batch,0.01,"[5000, 128, 90]",32,3.665945053100586,"{'Hamming Loss': array(0.03308308), 'Accuracy': array(0.), 'Precision': array(0.20892321), 'Recall': array(0.50914794), 'F1 Score': array(0.29627376)}","{'Hamming Loss': array(0.03272239), 'Accuracy': array(0.), 'Precision': array(0.21585514), 'Recall': array(0.5221688), 'F1 Score': array(0.30544489)}","[0.6930735610500547, 0.21315990689842432, 0.42235649306250805, 0.4223564857375772, 0.4223564777450946, 0.42235646898347956, 0.42235645932911375, 0.4223564486300166, 0.42235643669721484, 0.42235642329276946, 0.42235640811285163, 0.4223563907633152, 0.4223563707235978, 0.42235634729192595, 0.4223563194995422, 0.4223562859715724, 0.42235624469168837, 0.422356192583714, 0.42235612472145556, 0.4223560327203972, 0.42235590113634564, 0.42235569831517045, 0.422355348658421, 0.42235462277799557, 0.42235244155070406, 0.422332814553139, 0.41560895368366363, 0.6761609812705954, 0.6041098898123936, 0.6041098850747834]","[0.2126038485624345, 0.4271288154420463, 0.4271288081770838, 0.42712880025380945, 0.4271287915723349, 0.42712878201112897, 0.42712877142080946, 0.4271287596156717, 0.42712874636193937, 0.42712873136115515, 0.42712871422621174, 0.4271286944459312, 0.42712867133130594, 0.4271286439313535, 0.4271286108966362, 0.42712857024843665, 0.4271285189684362, 0.4271284522239003, 0.4271283617909028, 0.4271282325243269, 0.42712803339137495, 0.42712769030412917, 0.42712697857449516, 0.4271248420542253, 0.42710565194908057, 0.420537446605827, 0.6816551551352844, 0.6094127252922414, 0.6094127201978268, 0.6094127147172484]"
tanh,batch,0.01,"[5000, 128, 64, 90]",32,2.466921329498291,"{'Hamming Loss': array(0.02318747), 'Accuracy': array(0.001287), 'Precision': array(0.28603604), 'Recall': array(0.46471511), 'F1 Score': array(0.35411273)}","{'Hamming Loss': array(0.02270803), 'Accuracy': array(0.00066247), 'Precision': array(0.29910566), 'Recall': array(0.48237179), 'F1 Score': array(0.36924964)}","[0.6933747778871836, 0.21242284608460069, 0.42235655970776437, 0.4223565574915898, 0.42235655519146326, 0.42235655280228074, 0.42235655031850633, 0.42235654773412457, 0.4223565450425872, 0.42235654223675123, 0.4223565393088096, 0.42235653625021025, 0.4223565330515641, 0.422356529702539, 0.4223565261917353, 0.4223565225065433, 0.4223565186329746, 0.42235651455546663, 0.4223565102566497, 0.42235650571707434]","[0.21213332862491877, 0.42712888237824925, 0.4271288801988607, 0.42712887793693266, 0.4271288755874429, 0.42712887314494385, 0.42712887060351573, 0.42712886795671395, 0.4271288651975087, 0.4271288623182154, 0.42712885931041655, 0.4271288561648698, 0.42712885287140373, 0.4271288494187958, 0.42712884579463084, 0.42712884198513623, 0.42712883797498763, 0.4271288337470808, 0.42712882928226154, 0.42712882455900364]"
tanh,batch,0.01,"[5000, 128, 64, 90]",32,3.699645757675171,"{'Hamming Loss': array(0.02318747), 'Accuracy': array(0.001287), 'Precision': array(0.28603604), 'Recall': array(0.46471511), 'F1 Score': array(0.35411273)}","{'Hamming Loss': array(0.02270803), 'Accuracy': array(0.00066247), 'Precision': array(0.29910566), 'Recall': array(0.48237179), 'F1 Score': array(0.36924964)}","[0.6932884345240569, 0.21627526986982712, 0.42235653693461983, 0.4223565356289551, 0.4223565342973589, 0.4223565329389631, 0.42235653155285785, 0.4223565301380888, 0.42235652869365437, 0.4223565272185023, 0.42235652571152704, 0.42235652417156555, 0.4223565225973931, 0.42235652098772, 0.42235651934118557, 0.4223565176563549, 0.4223565159317113, 0.42235651416565184, 0.42235651235648025, 0.42235651050239925, 0.4223565086015037, 0.4223565066517709, 0.4223565046510514, 0.4223565025970588, 0.4223565004873579, 0.4223564983193519, 0.42235649609026765, 0.42235649379714074, 0.4223564914367974, 0.42235648900583445]","[0.21576421642846721, 0.4271288663004787, 0.42712886510902337, 0.4271288638948693, 0.42712886265728717, 0.42712886139551304, 0.4271288601087471, 0.4271288587961518, 0.4271288574568485, 0.4271288560899159, 0.42712885469438605, 0.4271288532692424, 0.42712885181341576, 0.4271288503257812, 0.42712884880515367, 0.42712884725028405, 0.42712884565985465, 0.42712884403247353, 0.4271288423666702, 0.427128840660888, 0.42712883891347886, 0.42712883712269545, 0.4271288352866828, 0.42712883340347046, 0.4271288314709622, 0.42712882948692493, 0.42712882744897784, 0.4271288253545782, 0.42712882320100687, 0.4271288209853525]"
tanh,batch,0.001,"[5000, 128, 90]",32,2.4875216484069824,"{'Hamming Loss': array(0.02029887), 'Accuracy': array(0.1988417), 'Precision': array(0.2020592), 'Recall': array(0.16414009), 'F1 Score': array(0.18113643)}","{'Hamming Loss': array(0.0195981), 'Accuracy': array(0.23053991), 'Precision': array(0.23815833), 'Recall': array(0.1920406), 'F1 Score': array(0.21262753)}","[0.6932256466723802, 0.07049354503202182, 1.274547077599302, 0.5253471686398472, 0.4096821528957251, 0.35496608290799686, 0.3562010605959459, 0.3568223254421599, 0.3561543729038803, 0.3568913520938512, 0.35735792167982117, 0.3575501540845533, 0.35748101440191055, 0.35769460636409567, 0.35712083310804404, 0.35678559697134404, 0.3575570098710125, 0.35722107712764284, 0.3573551511411181, 0.3573624989968158]","[0.07047781330111684, 1.27693096536544, 0.5314979903250148, 0.41555064335228503, 0.35970332560614704, 0.3605396113342317, 0.36194810388027354, 0.3613709189874873, 0.36178233371310714, 0.3620080217131561, 0.36248534203168054, 0.3626071333226786, 0.36283492486057894, 0.3623073590004936, 0.36177503039586234, 0.3627074343144155, 0.3625189320255831, 0.36266095295344, 0.3624385721874193, 0.3628305318198699]"
tanh,batch,0.001,"[5000, 128, 90]",32,3.7447402477264404,"{'Hamming Loss': array(0.02318747), 'Accuracy': array(0.001287), 'Precision': array(0.28603604), 'Recall': array(0.46471511), 'F1 Score': array(0.35411273)}","{'Hamming Loss': array(0.02270803), 'Accuracy': array(0.00066247), 'Precision': array(0.29910566), 'Recall': array(0.48237179), 'F1 Score': array(0.36924964)}","[0.6933347722047195, 0.07287572639415597, 1.0327351661096953, 0.7692928531511379, 0.4037741088954278, 0.6188797560971446, 0.4117080783124098, 0.40902944785713247, 0.4091590178221658, 0.4098480362735197, 0.4093809239636187, 0.41028189931882747, 0.41050955087320784, 0.40993207845195123, 0.4098493480587426, 0.40939648009976126, 0.40918996906371957, 0.41037759384922273, 0.41032169993683437, 0.4105726736751972, 0.40970487462000144, 0.4097048153310788, 0.4097541665188196, 0.4088981749972071, 0.40927535368642415, 0.4099413241858377, 0.40994214464686135, 0.40938333356521805, 0.408957462429687, 0.4096606878776183]","[0.07246203100161687, 1.038541750271122, 0.7747943314928739, 0.40603205976987855, 0.6181858924144334, 0.41598112426527817, 0.4138575837468291, 0.4136996325566235, 0.4142884864839931, 0.4139172956902495, 0.4150897268366804, 0.41532329132128326, 0.4148407971746337, 0.41463787354322823, 0.41393106565388327, 0.41374919346642103, 0.41535061715395655, 0.41534601405477894, 0.41504591588960515, 0.41421346255895375, 0.41424132956575566, 0.4144713805339305, 0.4134341036775349, 0.4137995664503127, 0.41447427268225523, 0.4142086776044358, 0.413542874133613, 0.41254616230267804, 0.414054182554977, 0.41352562704804424]"
tanh,batch,0.001,"[5000, 128, 64, 90]",32,2.5152575969696045,"{'Hamming Loss': array(0.01656657), 'Accuracy': array(0.36679537), 'Precision': array(0.37001287), 'Recall': array(0.30057501), 'F1 Score': array(0.33169888)}","{'Hamming Loss': array(0.01688933), 'Accuracy': array(0.35872806), 'Precision': array(0.360053), 'Recall': array(0.2903312), 'F1 Score': array(0.32145498)}","[0.6931365143979857, 0.08646502969706367, 0.637958266200279, 0.524500209005092, 0.3944235048768215, 0.3650660974461024, 0.28201512262081474, 0.28202005994486085, 0.2822243605729683, 0.2826952060397826, 0.2843892971862967, 0.28375656035471913, 0.28497902306682976, 0.28421272141278564, 0.2838323554609781, 0.28367591765457734, 0.28466101445095343, 0.2855835872382518, 0.2846375138296774, 0.28450300531072964]","[0.08650512577825825, 0.64076877516102, 0.5273807032364368, 0.4000424286352756, 0.36991063759909587, 0.2809294326639927, 0.2800438986645596, 0.28175944439095263, 0.2821574966065882, 0.28415811219085113, 0.28308250071842656, 0.28381629043871026, 0.2832076729203749, 0.2832315656465354, 0.2830095333753587, 0.2837723163089679, 0.28466991934745306, 0.283529556853448, 0.28355152598422073, 0.284426586203507]"
tanh,batch,0.001,"[5000, 128, 64, 90]",32,3.7785024642944336,"{'Hamming Loss': array(0.02318747), 'Accuracy': array(0.001287), 'Precision': array(0.28603604), 'Recall': array(0.46471511), 'F1 Score': array(0.35411273)}","{'Hamming Loss': array(0.02270803), 'Accuracy': array(0.00066247), 'Precision': array(0.29910566), 'Recall': array(0.48237179), 'F1 Score': array(0.36924964)}","[0.6930344724436348, 0.0808478561043374, 0.279086420502433, 0.4533985263529974, 0.23685043028317906, 0.3509092899377276, 0.3503102841811905, 0.34891666506131086, 0.30716771174819235, 0.4023705238343491, 0.4030263139456701, 0.4027407597630901, 0.40154038836558636, 0.3997186363032568, 0.39332303184195383, 0.519002892633527, 0.40190699701383137, 0.4019973951348942, 0.4026619423631972, 0.4021144570534963, 0.4020073657341516, 0.4016437863561097, 0.40268018312889314, 0.40230208931735223, 0.40164982991988996, 0.40170677036711844, 0.40307077284553405, 0.4028829789775752, 0.40271434554148344, 0.4023450050799661]","[0.08118243596276263, 0.2758769133935145, 0.4519706105424031, 0.23819398091442798, 0.3561057422070746, 0.3551890443103048, 0.35345400840496205, 0.3122250592434973, 0.4071795377729835, 0.4074403243140069, 0.40741760014191464, 0.4062124861992297, 0.4041782736058141, 0.39759993568739904, 0.5232562762881681, 0.4065445154814856, 0.4069319068850061, 0.4071908978513702, 0.40661280945116074, 0.40689554352528357, 0.4064554343036374, 0.40713583983565577, 0.407085928839663, 0.4065238878575595, 0.4064687477812389, 0.4076339077865629, 0.4072500820605715, 0.4072456762964319, 0.40683480496300506, 0.40680316400969696]"
tanh,sgd,0.01,"[5000, 128, 90]",32,185.35751056671143,"{'Hamming Loss': array(0.00478335), 'Accuracy': array(0.70527671), 'Precision': array(0.93926554), 'Recall': array(0.69524307), 'F1 Score': array(0.79903875)}","{'Hamming Loss': array(0.00580398), 'Accuracy': array(0.7005631), 'Precision': array(0.81764878), 'Recall': array(0.74492521), 'F1 Score': array(0.77959469)}","[0.052169631539047426, 0.0423606544537224, 0.03920525870245346, 0.03571350842370192, 0.03286822839340076, 0.03069289766521223, 0.02890633647736366, 0.027353615432557828, 0.02592688296664376, 0.02473203012891432, 0.023651367252855694, 0.02260229474061617, 0.021688575204440595, 0.020794775600015317, 0.019965916384961965, 0.01920845626914505, 0.018524537224260687, 0.017806279405842278, 0.01721114261501718, 0.016640365284763058]","[0.04397947761392484, 0.04105349324818898, 0.03710316072277517, 0.0346198931549686, 0.03174657767133894, 0.03017034796888434, 0.02834082172099869, 0.026822519124306457, 0.026096924777109915, 0.024572542185738507, 0.02350991022236138, 0.022710211853096022, 0.022318030676630737, 0.021239918332357725, 0.020814328991998275, 0.020144508101577127, 0.01919222071631028, 0.0189744720730516, 0.018447571124898674, 0.017836677535949308]"
tanh,sgd,0.01,"[5000, 128, 90]",32,278.529910326004,"{'Hamming Loss': array(0.00432575), 'Accuracy': array(0.74646075), 'Precision': array(0.94189189), 'Recall': array(0.72869838), 'F1 Score': array(0.82169172)}","{'Hamming Loss': array(0.00509735), 'Accuracy': array(0.74229877), 'Precision': array(0.82791215), 'Recall': array(0.79540598), 'F1 Score': array(0.81133361)}","[0.0520645117714751, 0.0423492656658872, 0.03917849925674053, 0.03575835915647352, 0.03278160702897439, 0.030628401188583836, 0.02881828855612111, 0.02736508414511811, 0.025950382687999728, 0.024730861054075636, 0.02358450906495274, 0.022570458125313598, 0.021640627675771015, 0.020746621325056763, 0.019886247321318568, 0.019192329265041646, 0.018432514785789285, 0.017760145154984242, 0.017146730243179153, 0.01660262069473257, 0.016069742802882574, 0.01553141218146417, 0.015078816076701864, 0.014631971481794424, 0.01423296574989186, 0.013831365755337104, 0.013441240103128835, 0.01306620521124147, 0.012740721491624949, 0.012409623365804624]","[0.043323223300139754, 0.04147750823003208, 0.03726388001865007, 0.03389557818774151, 0.03193700365548607, 0.02989108088536021, 0.02917171456044001, 0.026702790726857273, 0.025703234440872504, 0.024477194048933625, 0.023739571447842504, 0.022576039945079517, 0.021781151269208866, 0.02099188417010497, 0.020615135249796, 0.01976084407481453, 0.01908656447832033, 0.018766971629029943, 0.018777210489495277, 0.017722887461620724, 0.017775064332772518, 0.01723405924101693, 0.01666302579589679, 0.016213702746176794, 0.016071931801976375, 0.015661163222082882, 0.015550481354530334, 0.015387916734684292, 0.015124503207721275, 0.014988699232708947]"
tanh,sgd,0.01,"[5000, 128, 64, 90]",32,222.63401556015015,"{'Hamming Loss': array(0.004147), 'Accuracy': array(0.76319176), 'Precision': array(0.88592936), 'Recall': array(0.7997909), 'F1 Score': array(0.84065934)}","{'Hamming Loss': array(0.00557948), 'Accuracy': array(0.72971183), 'Precision': array(0.78216819), 'Recall': array(0.82478632), 'F1 Score': array(0.80291212)}","[0.04996736517648527, 0.040064986089725606, 0.033697652875030036, 0.02890788096102416, 0.025038292353070875, 0.02224206843203593, 0.020055082635603832, 0.018161259337201526, 0.016584455811827343, 0.01548225445872357, 0.01418823126535459, 0.013229943144245283, 0.01235027185916594, 0.011660443262546874, 0.011014526114148916, 0.010352719324171518, 0.009848349684288915, 0.009299100836961066, 0.008830121505194077, 0.008404653876506981]","[0.04265507085990659, 0.0364672242398351, 0.03100384714161223, 0.026263955220401005, 0.025953996835938183, 0.020942174385173692, 0.020207320537606176, 0.018379735741743976, 0.021268343806676457, 0.01661463770565343, 0.016089941174073516, 0.015135349991401958, 0.016465693467194318, 0.014603154253751277, 0.014370949005757578, 0.013484639447120366, 0.016074342880753132, 0.012924338523099495, 0.012632511016516343, 0.01421881523741943]"
tanh,sgd,0.01,"[5000, 128, 64, 90]",32,335.15060687065125,"{'Hamming Loss': array(0.0030459), 'Accuracy': array(0.82818533), 'Precision': array(0.9402013), 'Recall': array(0.83010978), 'F1 Score': array(0.88173237)}","{'Hamming Loss': array(0.00466306), 'Accuracy': array(0.77409738), 'Precision': array(0.81911878), 'Recall': array(0.84909188), 'F1 Score': array(0.83383607)}","[0.049375960184656446, 0.04026034124327806, 0.033998460919048644, 0.02916072787126198, 0.025782837420238725, 0.023117654328852624, 0.02072425236060815, 0.019006816947970566, 0.017413972271149596, 0.016213456265499655, 0.014915778690894606, 0.014014707459406356, 0.013022474284771393, 0.012219582605682502, 0.01153534848950168, 0.01081964147866118, 0.010174407843509961, 0.009655167340845613, 0.009166690566739032, 0.00878089377390555, 0.00824894435873046, 0.007900398737975595, 0.007414972102692173, 0.0071726054263312276, 0.0069384125084007795, 0.006568669475852032, 0.006251286379311134, 0.005961346334382137, 0.005740340643523915, 0.005527497380592833]","[0.04180003940409306, 0.039514659143457496, 0.0306710652284557, 0.027192650112367076, 0.024802319976964443, 0.02277763369823098, 0.022755475591294268, 0.02010789306616896, 0.018141772311667713, 0.018490371388567992, 0.017102790823231347, 0.01695795051318513, 0.01555409341765246, 0.014606964700021206, 0.015419158546154485, 0.014011515107814478, 0.014706401433823315, 0.013303193287709503, 0.013011839574971342, 0.01340405434063641, 0.013627006046413474, 0.012555978712862676, 0.014707306837032776, 0.011898144508169116, 0.013470692035374853, 0.011336319068271528, 0.014418929613218917, 0.012258774808633315, 0.01238579324195008, 0.010855092700563304]"
tanh,sgd,0.001,"[5000, 128, 90]",32,183.62193822860718,"{'Hamming Loss': array(0.01027456), 'Accuracy': array(0.30823681), 'Precision': array(0.99377593), 'Recall': array(0.25039205), 'F1 Score': array(0.4)}","{'Hamming Loss': array(0.00999963), 'Accuracy': array(0.34481616), 'Precision': array(0.98672986), 'Recall': array(0.27804487), 'F1 Score': array(0.43384038)}","[0.10067933413518351, 0.04929020357916145, 0.048423045591249735, 0.047748431835905714, 0.0469957757726954, 0.046191320118728604, 0.04537315165482005, 0.04463936675615538, 0.044020889709507474, 0.04349493052588854, 0.04305435158575864, 0.042635666409271925, 0.04225269655715664, 0.04191146513054562, 0.04159275492845139, 0.04125902871577608, 0.04094244098085294, 0.04062428509902989, 0.04030137987071163, 0.03999652720346784]","[0.05018343728079343, 0.04875536901003484, 0.04818723534361004, 0.04739021655942151, 0.04656503973852579, 0.04570755957300265, 0.044883882644587654, 0.04430325180880171, 0.0436898775900109, 0.043109790135607534, 0.04266991922846299, 0.042330756482090094, 0.04203863648157416, 0.04160117484434569, 0.041377126474329395, 0.040992547058930406, 0.04072302201230342, 0.04037494597335258, 0.04008191574349058, 0.03974906000684995]"
tanh,sgd,0.001,"[5000, 128, 90]",32,275.6361196041107,"{'Hamming Loss': array(0.00893751), 'Accuracy': array(0.42471042), 'Precision': array(0.99403875), 'Recall': array(0.34866702), 'F1 Score': array(0.51625387)}","{'Hamming Loss': array(0.00806742), 'Accuracy': array(0.51175886), 'Precision': array(0.985), 'Recall': array(0.42094017), 'F1 Score': array(0.58982036)}","[0.0953655435947934, 0.04923305284077888, 0.048456994024109745, 0.04784583677477382, 0.0471622239890844, 0.04639365058258337, 0.04561429488127667, 0.04487808314638444, 0.04422630112016426, 0.04367217850628989, 0.04320595836907939, 0.0427979651175807, 0.04240903049761499, 0.04206373814445896, 0.041733190010463696, 0.04139831264757268, 0.04107509784934144, 0.040763158170312806, 0.04044261639990914, 0.04014254394774454, 0.039795695611624084, 0.03948340370462398, 0.0391449827727553, 0.03881053361029765, 0.03847841786788863, 0.0381087403417215, 0.03776950711494885, 0.037405687829818304, 0.03705183747399524, 0.03669133389805504]","[0.05008175919754133, 0.0487777931515321, 0.04819514032710313, 0.04757318061542666, 0.04683988567566205, 0.04605146535273133, 0.04518508871996421, 0.04444342533963632, 0.044005216062938675, 0.04330916610674563, 0.04289518388749814, 0.04256434821499811, 0.04221721730850915, 0.041812821564146986, 0.04151618259729914, 0.04121603049452945, 0.04084342917278476, 0.04055267413161851, 0.04028787998571388, 0.03994108851165027, 0.03978337359638008, 0.03937149365421247, 0.03899297153762939, 0.0386817576153774, 0.03834397008647244, 0.037986696141072494, 0.03765254614289648, 0.03729089563819486, 0.03694266317254514, 0.03664235652963089]"
tanh,sgd,0.001,"[5000, 128, 64, 90]",32,222.52418637275696,"{'Hamming Loss': array(0.00827256), 'Accuracy': array(0.48584299), 'Precision': array(0.97368421), 'Recall': array(0.40616832), 'F1 Score': array(0.57322021)}","{'Hamming Loss': array(0.00789077), 'Accuracy': array(0.54057635), 'Precision': array(0.93572985), 'Recall': array(0.45886752), 'F1 Score': array(0.61577061)}","[0.07413734449271758, 0.04944250353371359, 0.048992312752258876, 0.04848770042668524, 0.04725090541426972, 0.04537060190524685, 0.04385787982620121, 0.04283199870229889, 0.0420036919283256, 0.041302135493113505, 0.040650482811366455, 0.04007584529691684, 0.039479913831472604, 0.03891767773319532, 0.03830001717295784, 0.037568189542860356, 0.036731241454782994, 0.0357834250689998, 0.034813298823119586, 0.03393305294598523]","[0.049828988351392635, 0.04916867427027961, 0.04891405916285548, 0.04815063733413584, 0.04623503489865804, 0.04435451142275091, 0.04313014930611572, 0.04220790050516649, 0.0415222243274305, 0.04092039640022005, 0.040214672217695965, 0.03970532368456091, 0.03914625438944734, 0.03888271393956049, 0.03790837893211861, 0.037167991196993634, 0.03637849274569221, 0.03541028309144242, 0.0346859551864171, 0.03377017660720876]"
tanh,sgd,0.001,"[5000, 128, 64, 90]",32,331.1293513774872,"{'Hamming Loss': array(0.00715001), 'Accuracy': array(0.54826255), 'Precision': array(0.95422886), 'Recall': array(0.50130685), 'F1 Score': array(0.65729952)}","{'Hamming Loss': array(0.00712156), 'Accuracy': array(0.58098708), 'Precision': array(0.88903226), 'Recall': array(0.55208333), 'F1 Score': array(0.68116658)}","[0.07443197255671918, 0.04941384671586718, 0.04890462466453167, 0.048251732451082115, 0.046783542914648785, 0.04486381695419164, 0.04345954884497704, 0.04253407917299132, 0.04178205244666607, 0.04114705962626435, 0.04057679447280105, 0.04003978762786259, 0.03950393757623451, 0.03897213069138831, 0.03838952875429934, 0.03778835596475766, 0.03702848702792996, 0.03608819989074939, 0.03518937333462747, 0.03424644631694357, 0.03339250805667444, 0.03265226332886523, 0.03203654554797148, 0.03142690595749453, 0.03087048896132747, 0.03038189320212944, 0.029847896187748264, 0.02940155744446502, 0.028985005233540733, 0.02852038953031963]","[0.04987919460913299, 0.0491804660788427, 0.04872132650180702, 0.047655014716667096, 0.04562630020263693, 0.04399236701251941, 0.04289771101821059, 0.04205622478893151, 0.04130661266437705, 0.04100482543126643, 0.04026369093917216, 0.03966529414424907, 0.039258777197372745, 0.038727364154768594, 0.038182771050953516, 0.03753235288572024, 0.03674624025956233, 0.03592742559108986, 0.03495475628724347, 0.03427812241543762, 0.03373787696770569, 0.03295912644220706, 0.03234986842472694, 0.03179796762153791, 0.031128611040401426, 0.030785558181359512, 0.03033387628075152, 0.029765766901720888, 0.02936612026710907, 0.029054433653829547]"
